{
    "private_cloud_config":{
        "AppKey": "20000982",
        "AppSecret": "ebafb03644742250c8f231e73033854d",
        "ChannelID": "1001@DemoApp_Android_1.0",
        "UseHTTP": "true",
        "StartActivity": "com.taobao.demo.WelcomActivity",
        "ACCS":{
            "Domain": "accs.emas-poc.com"
        },
        "Network":{
            "IPStrategy": {}
        },
        "MTOP":{
            "Domain": "aserver.emas-poc.com",
            "APIDomain": "gw.emas-poc.com"
        },
        "ZCache":{
            "URL": "http://cdn.emas-poc.com/eweex/"
        },
        "HA":{
            "OSSBucketName": "emas-ha-remote-log-poc",
            "UniversalHost": "adash.emas-poc.com",
            "RSAPublicKey": ""
        },
        "RemoteConfig":{
            "Domain": "aserver.emas-poc.com"
        }
    }
}
